platform,date,product_name,on_hand,in_transit
TikTok,2025-01-31,Birria Bomb 2-Pack,94446.0,0.0
TikTok,2025-01-31,Brine Bomb,41830.0,0.0
TikTok,2025-01-31,Pozole Bomb 2-Pack,252914.0,0.0
TikTok,2025-01-31,Variety Pack,24772.0,0.0
TikTok,2025-02-28,Birria Bomb 2-Pack,85478.0,0.0
TikTok,2025-02-28,Brine Bomb,35836.0,0.0
TikTok,2025-02-28,Pozole Bomb 2-Pack,170697.0,0.0
TikTok,2025-02-28,Variety Pack,10741.0,0.0
TikTok,2025-03-31,Birria Bomb 2-Pack,69180.0,12096.0
TikTok,2025-03-31,Brine Bomb,21006.0,0.0
TikTok,2025-03-31,Pozole Bomb 2-Pack,92898.0,0.0
TikTok,2025-03-31,Variety Pack,2682.0,500.0
TikTok,2025-04-30,Birria Bomb 2-Pack,76253.0,24192.0
TikTok,2025-04-30,Brine Bomb,22855.0,0.0
TikTok,2025-04-30,Pozole Bomb 2-Pack,129122.0,0.0
TikTok,2025-04-30,Tinga Bomb 2-Pack,18014.0,8064.0
TikTok,2025-04-30,Variety Pack,882.0,0.0
TikTok,2025-05-31,Birria Bomb 2-Pack,127427.0,36288.0
TikTok,2025-05-31,Brine Bomb,31603.0,0.0
TikTok,2025-05-31,Pozole Bomb 2-Pack,126086.0,0.0
TikTok,2025-05-31,Tinga Bomb 2-Pack,19299.0,0.0
TikTok,2025-05-31,Variety Pack,1860.0,0.0
TikTok,2025-06-30,Birria Bomb 2-Pack,111961.0,48384.0
TikTok,2025-06-30,Brine Bomb,22855.0,0.0
TikTok,2025-06-30,Pozole Bomb 2-Pack,174836.0,0.0
TikTok,2025-06-30,Tinga Bomb 2-Pack,21719.0,0.0
TikTok,2025-06-30,Variety Pack,801.0,0.0
TikTok,2025-07-31,Birria Bomb 2-Pack,107790.0,72582.0
TikTok,2025-07-31,Brine Bomb,524.0,0.0
TikTok,2025-07-31,Pozole Bomb 2-Pack,65841.0,12096.0
TikTok,2025-07-31,Tinga Bomb 2-Pack,11439.0,4032.0
TikTok,2025-07-31,Variety Pack,664.0,0.0
TikTok,2025-08-17,Birria Bomb 2-Pack,38274.0,0.0
TikTok,2025-08-17,Brine Bomb,14.0,0.0
TikTok,2025-08-17,Pozole Bomb 2-Pack,9551.0,12096.0
TikTok,2025-08-17,Tinga Bomb 2-Pack,4098.0,4032.0
TikTok,2025-08-17,Variety Pack,353.0,0.0
TikTok,2025-08-18,Birria Bomb 2-Pack,40628.0,0.0
TikTok,2025-08-18,Brine Bomb,15.0,0.0
TikTok,2025-08-18,Pozole Bomb 2-Pack,9385.0,12096.0
TikTok,2025-08-18,Tinga Bomb 2-Pack,4027.0,4032.0
TikTok,2025-08-18,Variety Pack,830.0,0.0
TikTok,2025-08-19,Birria Bomb 2-Pack,48437.0,0.0
TikTok,2025-08-19,Brine Bomb,15.0,0.0
TikTok,2025-08-19,Pozole Bomb 2-Pack,9201.0,12096.0
TikTok,2025-08-19,Tinga Bomb 2-Pack,3908.0,4032.0
TikTok,2025-08-19,Variety Pack,1263.0,0.0
TikTok,2025-08-20,Birria Bomb 2-Pack,48660.0,0.0
TikTok,2025-08-20,Brine Bomb,15.0,0.0
TikTok,2025-08-20,Pozole Bomb 2-Pack,9087.0,12096.0
TikTok,2025-08-20,Tinga Bomb 2-Pack,3827.0,3000.0
TikTok,2025-08-20,Variety Pack,1248.0,0.0
TikTok,2025-08-21,Birria Bomb 2-Pack,50512.0,0.0
TikTok,2025-08-21,Brine Bomb,14.0,0.0
TikTok,2025-08-21,Pozole Bomb 2-Pack,8958.0,6000.0
TikTok,2025-08-21,Tinga Bomb 2-Pack,3708.0,2000.0
TikTok,2025-08-21,Variety Pack,1318.0,0.0
TikTok,2025-08-25,Birria Bomb 2-Pack,44872.0,24192.0
TikTok,2025-08-25,Brine Bomb,14.0,0.0
TikTok,2025-08-25,Pozole Bomb 2-Pack,8549.0,6000.0
TikTok,2025-08-25,Tinga Bomb 2-Pack,3418.0,1000.0
TikTok,2025-08-25,Variety Pack,1236.0,0.0
TikTok,2025-08-26,Birria Bomb 2-Pack,0.0,24192.0
TikTok,2025-08-27,Birria Bomb 2-Pack,0.0,24192.0
TikTok,2025-08-28,Birria Bomb 2-Pack,0.0,24192.0
TikTok,2025-08-29,Birria Bomb 2-Pack,0.0,12000.0
TikTok,2025-08-30,Birria Bomb 2-Pack,0.0,6000.0
TikTok,2025-09-01,Brine Bomb,4000.0,0.0
TikTok,2025-09-01,Pozole Bomb 2-Pack,3000.0,0.0
TikTok,2025-09-01,Tinga Bomb 2-Pack,2000.0,0.0
TikTok,2025-09-01,Variety Pack,4000.0,0.0
TikTok,2025-09-02,Birria Bomb 2-Pack,40960.0,0.0
TikTok,2025-09-02,Brine Bomb,13.0,0.0
TikTok,2025-09-02,Pozole Bomb 2-Pack,7664.0,2000.0
TikTok,2025-09-02,Tinga Bomb 2-Pack,2738.0,0.0
TikTok,2025-09-02,Variety Pack,1236.0,0.0
TikTok,2025-09-03,Birria Bomb 2-Pack,42574.0,0.0
TikTok,2025-09-03,Brine Bomb,9.0,0.0
TikTok,2025-09-03,Pozole Bomb 2-Pack,7533.0,0.0
TikTok,2025-09-03,Tinga Bomb 2-Pack,2642.0,0.0
TikTok,2025-09-03,Variety Pack,981.0,0.0
TikTok,2025-09-04,Birria Bomb 2-Pack,42945.0,0.0
TikTok,2025-09-04,Brine Bomb,9.0,0.0
TikTok,2025-09-04,Pozole Bomb 2-Pack,7260.0,0.0
TikTok,2025-09-04,Tinga Bomb 2-Pack,2557.0,0.0
TikTok,2025-09-04,Variety Pack,981.0,0.0
TikTok,2025-09-07,Birria Bomb 2-Pack,50391.0,0.0
TikTok,2025-09-07,Brine Bomb,9.0,0.0
TikTok,2025-09-07,Pozole Bomb 2-Pack,6004.0,0.0
TikTok,2025-09-07,Tinga Bomb 2-Pack,2368.0,0.0
TikTok,2025-09-07,Variety Pack,743.0,0.0
TikTok,2025-09-08,Birria Bomb 2-Pack,49435.0,24192.0
TikTok,2025-09-08,Brine Bomb,7.0,1536.0
TikTok,2025-09-08,Pozole Bomb 2-Pack,5701.0,3024.0
TikTok,2025-09-08,Tinga Bomb 2-Pack,2333.0,720.0
TikTok,2025-09-08,Variety Pack,694.0,700.0
TikTok,2025-09-09,Birria Bomb 2-Pack,48675.0,24192.0
TikTok,2025-09-09,Brine Bomb,5.0,1536.0
TikTok,2025-09-09,Pozole Bomb 2-Pack,5451.0,3024.0
TikTok,2025-09-09,Tinga Bomb 2-Pack,2288.0,720.0
TikTok,2025-09-09,Variety Pack,643.0,700.0
TikTok,2025-09-10,Birria Bomb 2-Pack,47823.0,24192.0
TikTok,2025-09-10,Brine Bomb,2.0,1536.0
TikTok,2025-09-10,Pozole Bomb 2-Pack,5243.0,3024.0
TikTok,2025-09-10,Tinga Bomb 2-Pack,2243.0,720.0
TikTok,2025-09-10,Variety Pack,578.0,700.0
TikTok,2025-09-11,Birria Bomb 2-Pack,52831.0,24192.0
TikTok,2025-09-11,Brine Bomb,355.0,1536.0
TikTok,2025-09-11,Pozole Bomb 2-Pack,6492.0,3024.0
TikTok,2025-09-11,Tinga Bomb 2-Pack,2561.0,720.0
TikTok,2025-09-11,Variety Pack,607.0,700.0
TikTok,2025-09-14,Birria Bomb 2-Pack,56074.0,24192.0
TikTok,2025-09-14,Brine Bomb,565.0,1536.0
TikTok,2025-09-14,Pozole Bomb 2-Pack,6265.0,3024.0
TikTok,2025-09-14,Tinga Bomb 2-Pack,2485.0,720.0
TikTok,2025-09-14,Variety Pack,908.0,700.0
TikTok,2025-09-15,Birria Bomb 2-Pack,57418.0,17000.0
TikTok,2025-09-15,Brine Bomb,556.0,1536.0
TikTok,2025-09-15,Pozole Bomb 2-Pack,6142.0,1500.0
TikTok,2025-09-15,Tinga Bomb 2-Pack,2463.0,360.0
TikTok,2025-09-15,Variety Pack,877.0,0.0
TikTok,2025-09-16,Birria Bomb 2-Pack,62249.0,170000.0
TikTok,2025-09-16,Brine Bomb,1106.0,1000.0
TikTok,2025-09-16,Pozole Bomb 2-Pack,6324.0,1500.0
TikTok,2025-09-16,Tinga Bomb 2-Pack,2513.0,100.0
TikTok,2025-09-16,Variety Pack,1551.0,0.0
TikTok,2025-09-18,Birria Bomb 2-Pack,60317.0,10000.0
TikTok,2025-09-18,Brine Bomb,1097.0,1000.0
TikTok,2025-09-18,Pozole Bomb 2-Pack,6099.0,700.0
TikTok,2025-09-18,Tinga Bomb 2-Pack,2513.0,0.0
TikTok,2025-09-18,Variety Pack,1506.0,0.0
TikTok,2025-09-22,Birria Bomb 2-Pack,60317.0,0.0
TikTok,2025-09-22,Brine Bomb,1482.0,1000.0
TikTok,2025-09-22,Pozole Bomb 2-Pack,6256.0,700.0
TikTok,2025-09-22,Tinga Bomb 2-Pack,2430.0,0.0
TikTok,2025-09-22,Variety Pack,1503.0,0.0
TikTok,2025-09-25,Birria Bomb 2-Pack,55560.0,0.0
TikTok,2025-09-25,Brine Bomb,1471.0,1000.0
TikTok,2025-09-25,Pozole Bomb 2-Pack,5907.0,0.0
TikTok,2025-09-25,Tinga Bomb 2-Pack,2285.0,0.0
TikTok,2025-09-25,Variety Pack,1398.0,0.0
TikTok,2025-09-28,Birria Bomb 2-Pack,52175.0,0.0
TikTok,2025-09-28,Brine Bomb,1455.0,1000.0
TikTok,2025-09-28,Pozole Bomb 2-Pack,5619.0,0.0
TikTok,2025-09-28,Tinga Bomb 2-Pack,2151.0,0.0
TikTok,2025-09-28,Variety Pack,1302.0,0.0
TikTok,2025-09-29,Birria Bomb 2-Pack,50934.0,0.0
TikTok,2025-09-29,Brine Bomb,1454.0,500.0
TikTok,2025-09-29,Pozole Bomb 2-Pack,5527.0,0.0
TikTok,2025-09-29,Tinga Bomb 2-Pack,2126.0,0.0
TikTok,2025-09-29,Variety Pack,1309.0,0.0
TikTok,2025-09-30,Birria Bomb 2-Pack,49791.0,24000.0
TikTok,2025-09-30,Brine Bomb,1451.0,0.0
TikTok,2025-09-30,Pozole Bomb 2-Pack,5452.0,2016.0
TikTok,2025-09-30,Tinga Bomb 2-Pack,2073.0,1008.0
TikTok,2025-09-30,Variety Pack,1282.0,480.0
TikTok,2025-10-01,Birria Bomb 2-Pack,49111.0,24000.0
TikTok,2025-10-01,Brine Bomb,1450.0,0.0
TikTok,2025-10-01,Pozole Bomb 2-Pack,5376.0,2016.0
TikTok,2025-10-01,Tinga Bomb 2-Pack,2047.0,1008.0
TikTok,2025-10-01,Variety Pack,1266.0,480.0
TikTok,2025-10-02,Birria Bomb 2-Pack,49111.0,24000.0
TikTok,2025-10-02,Brine Bomb,1450.0,0.0
TikTok,2025-10-02,Pozole Bomb 2-Pack,5376.0,2016.0
TikTok,2025-10-02,Tinga Bomb 2-Pack,2047.0,1008.0
TikTok,2025-10-02,Variety Pack,1266.0,480.0
TikTok,2025-10-03,Birria Bomb 2-Pack,49111.0,24000.0
TikTok,2025-10-03,Brine Bomb,1450.0,0.0
TikTok,2025-10-03,Pozole Bomb 2-Pack,5376.0,2016.0
TikTok,2025-10-03,Tinga Bomb 2-Pack,2047.0,1008.0
TikTok,2025-10-03,Variety Pack,1266.0,480.0
TikTok,2025-10-04,Birria Bomb 2-Pack,49111.0,24000.0
TikTok,2025-10-04,Brine Bomb,1450.0,0.0
TikTok,2025-10-04,Pozole Bomb 2-Pack,5376.0,2016.0
TikTok,2025-10-04,Tinga Bomb 2-Pack,2047.0,1008.0
TikTok,2025-10-04,Variety Pack,1266.0,480.0
TikTok,2025-10-05,Birria Bomb 2-Pack,49111.0,24000.0
TikTok,2025-10-05,Brine Bomb,1450.0,0.0
TikTok,2025-10-05,Pozole Bomb 2-Pack,5376.0,1500.0
TikTok,2025-10-05,Tinga Bomb 2-Pack,2047.0,500.0
TikTok,2025-10-05,Variety Pack,1266.0,480.0
TikTok,2025-10-06,Birria Bomb 2-Pack,44686.0,20000.0
TikTok,2025-10-06,Brine Bomb,1431.0,0.0
TikTok,2025-10-06,Pozole Bomb 2-Pack,4937.0,1500.0
TikTok,2025-10-06,Tinga Bomb 2-Pack,1753.0,500.0
TikTok,2025-10-06,Variety Pack,1187.0,280.0
TikTok,2025-10-07,Birria Bomb 2-Pack,42174.0,18000.0
TikTok,2025-10-07,Brine Bomb,1422.0,0.0
TikTok,2025-10-07,Pozole Bomb 2-Pack,4690.0,1000.0
TikTok,2025-10-07,Tinga Bomb 2-Pack,1615.0,100.0
TikTok,2025-10-07,Variety Pack,1371.0,0.0
TikTok,2025-10-08,Birria Bomb 2-Pack,47803.0,13000.0
TikTok,2025-10-08,Brine Bomb,1414.0,0.0
TikTok,2025-10-08,Pozole Bomb 2-Pack,5909.0,1000.0
TikTok,2025-10-08,Tinga Bomb 2-Pack,2022.0,0.0
TikTok,2025-10-08,Variety Pack,1478.0,0.0
TikTok,2025-10-09,Birria Bomb 2-Pack,46053.0,7000.0
TikTok,2025-10-09,Brine Bomb,1407.0,0.0
TikTok,2025-10-09,Pozole Bomb 2-Pack,5689.0,5000.0
TikTok,2025-10-09,Tinga Bomb 2-Pack,1887.0,0.0
TikTok,2025-10-09,Variety Pack,1454.0,0.0
TikTok,2025-10-10,Birria Bomb 2-Pack,46053.0,1000.0
TikTok,2025-10-10,Brine Bomb,1407.0,0.0
TikTok,2025-10-10,Pozole Bomb 2-Pack,5689.0,0.0
TikTok,2025-10-10,Tinga Bomb 2-Pack,1887.0,0.0
TikTok,2025-10-10,Variety Pack,1454.0,0.0
TikTok,2025-10-11,Birria Bomb 2-Pack,46053.0,0.0
TikTok,2025-10-11,Brine Bomb,1407.0,0.0
TikTok,2025-10-11,Pozole Bomb 2-Pack,5689.0,0.0
TikTok,2025-10-11,Tinga Bomb 2-Pack,1887.0,0.0
TikTok,2025-10-11,Variety Pack,1454.0,0.0
TikTok,2025-10-12,Birria Bomb 2-Pack,58450.0,0.0
TikTok,2025-10-12,Brine Bomb,1390.0,0.0
TikTok,2025-10-12,Pozole Bomb 2-Pack,6307.0,0.0
TikTok,2025-10-12,Tinga Bomb 2-Pack,2234.0,0.0
TikTok,2025-10-12,Variety Pack,1529.0,0.0
TikTok,2025-10-13,Birria Bomb 2-Pack,58450.0,0.0
TikTok,2025-10-13,Brine Bomb,1390.0,0.0
TikTok,2025-10-13,Pozole Bomb 2-Pack,6307.0,0.0
TikTok,2025-10-13,Tinga Bomb 2-Pack,2234.0,0.0
TikTok,2025-10-13,Variety Pack,1529.0,0.0
TikTok,2025-10-14,Birria Bomb 2-Pack,60486.0,0.0
TikTok,2025-10-14,Brine Bomb,1383.0,0.0
TikTok,2025-10-14,Pozole Bomb 2-Pack,6216.0,0.0
TikTok,2025-10-14,Tinga Bomb 2-Pack,2120.0,0.0
TikTok,2025-10-14,Variety Pack,1517.0,0.0
TikTok,2025-10-15,Birria Bomb 2-Pack,60486.0,30240.0
TikTok,2025-10-15,Brine Bomb,1383.0,480.0
TikTok,2025-10-15,Pozole Bomb 2-Pack,6216.0,4032.0
TikTok,2025-10-15,Tinga Bomb 2-Pack,2120.0,8064.0
TikTok,2025-10-15,Variety Pack,1517.0,700.0
TikTok,2025-10-16,Birria Bomb 2-Pack,60486.0,30240.0
TikTok,2025-10-16,Brine Bomb,1383.0,480.0
TikTok,2025-10-16,Pozole Bomb 2-Pack,6216.0,4032.0
TikTok,2025-10-16,Tinga Bomb 2-Pack,2120.0,8064.0
TikTok,2025-10-16,Variety Pack,1517.0,700.0
TikTok,2025-10-17,Birria Bomb 2-Pack,60486.0,30240.0
TikTok,2025-10-17,Brine Bomb,1383.0,480.0
TikTok,2025-10-17,Pozole Bomb 2-Pack,6216.0,4032.0
TikTok,2025-10-17,Tinga Bomb 2-Pack,2120.0,8064.0
TikTok,2025-10-17,Variety Pack,1517.0,700.0
TikTok,2025-10-18,Birria Bomb 2-Pack,60486.0,30240.0
TikTok,2025-10-18,Brine Bomb,1383.0,480.0
TikTok,2025-10-18,Pozole Bomb 2-Pack,6216.0,4032.0
TikTok,2025-10-18,Tinga Bomb 2-Pack,2120.0,8064.0
TikTok,2025-10-18,Variety Pack,1517.0,700.0
TikTok,2025-10-19,Birria Bomb 2-Pack,56630.0,30240.0
TikTok,2025-10-19,Brine Bomb,1371.0,480.0
TikTok,2025-10-19,Pozole Bomb 2-Pack,5868.0,4032.0
TikTok,2025-10-19,Tinga Bomb 2-Pack,1785.0,8064.0
TikTok,2025-10-19,Variety Pack,1454.0,700.0
TikTok,2025-10-20,Birria Bomb 2-Pack,56281.0,30240.0
TikTok,2025-10-20,Brine Bomb,1367.0,480.0
TikTok,2025-10-20,Pozole Bomb 2-Pack,5816.0,4032.0
TikTok,2025-10-20,Tinga Bomb 2-Pack,1729.0,8064.0
TikTok,2025-10-20,Variety Pack,1446.0,700.0
TikTok,2025-10-21,Birria Bomb 2-Pack,65237.0,30240.0
TikTok,2025-10-21,Brine Bomb,1530.0,480.0
TikTok,2025-10-21,Pozole Bomb 2-Pack,5631.0,3000.0
TikTok,2025-10-21,Tinga Bomb 2-Pack,1505.0,5000.0
TikTok,2025-10-21,Variety Pack,1890.0,350.0
TikTok,2025-10-22,Birria Bomb 2-Pack,67047.0,30240.0
TikTok,2025-10-22,Brine Bomb,1693.0,280.0
TikTok,2025-10-22,Pozole Bomb 2-Pack,8537.0,2000.0
TikTok,2025-10-22,Tinga Bomb 2-Pack,4262.0,5000.0
TikTok,2025-10-22,Variety Pack,2039.0,350.0
TikTok,2025-10-23,Birria Bomb 2-Pack,71786.0,26000.0
TikTok,2025-10-23,Brine Bomb,1692.0,280.0
TikTok,2025-10-23,Pozole Bomb 2-Pack,8321.0,1000.0
TikTok,2025-10-23,Tinga Bomb 2-Pack,5228.0,2000.0
TikTok,2025-10-23,Variety Pack,2022.0,350.0
TikTok,2025-10-24,Birria Bomb 2-Pack,72373.0,26000.0
TikTok,2025-10-24,Brine Bomb,1679.0,280.0
TikTok,2025-10-24,Pozole Bomb 2-Pack,7999.0,1000.0
TikTok,2025-10-24,Tinga Bomb 2-Pack,5720.0,1000.0
TikTok,2025-10-24,Variety Pack,2077.0,350.0
TikTok,2025-10-25,Birria Bomb 2-Pack,72373.0,20000.0
TikTok,2025-10-25,Brine Bomb,1679.0,280.0
TikTok,2025-10-25,Pozole Bomb 2-Pack,7999.0,0.0
TikTok,2025-10-25,Tinga Bomb 2-Pack,5720.0,0.0
TikTok,2025-10-25,Variety Pack,2077.0,0.0
TikTok,2025-10-26,Birria Bomb 2-Pack,72373.0,15000.0
TikTok,2025-10-26,Brine Bomb,1679.0,280.0
TikTok,2025-10-26,Pozole Bomb 2-Pack,7999.0,0.0
TikTok,2025-10-26,Tinga Bomb 2-Pack,5720.0,0.0
TikTok,2025-10-26,Variety Pack,2077.0,0.0
TikTok,2025-10-27,Birria Bomb 2-Pack,72373.0,10000.0
TikTok,2025-10-27,Brine Bomb,1679.0,280.0
TikTok,2025-10-27,Pozole Bomb 2-Pack,7999.0,0.0
TikTok,2025-10-27,Tinga Bomb 2-Pack,5720.0,0.0
TikTok,2025-10-27,Variety Pack,2077.0,0.0
TikTok,2025-10-28,Birria Bomb 2-Pack,79665.0,5000.0
TikTok,2025-10-28,Brine Bomb,1664.0,100.0
TikTok,2025-10-28,Pozole Bomb 2-Pack,8543.0,0.0
TikTok,2025-10-28,Tinga Bomb 2-Pack,8276.0,0.0
TikTok,2025-10-28,Variety Pack,2052.0,0.0
TikTok,2025-10-29,Birria Bomb 2-Pack,78539.0,1000.0
TikTok,2025-10-29,Brine Bomb,1662.0,0.0
TikTok,2025-10-29,Pozole Bomb 2-Pack,8459.0,0.0
TikTok,2025-10-29,Tinga Bomb 2-Pack,8249.0,0.0
TikTok,2025-10-29,Variety Pack,2042.0,0.0
TikTok,2025-10-30,Birria Bomb 2-Pack,78308.0,0.0
TikTok,2025-10-30,Brine Bomb,1652.0,0.0
TikTok,2025-10-30,Pozole Bomb 2-Pack,8365.0,0.0
TikTok,2025-10-30,Tinga Bomb 2-Pack,8180.0,0.0
TikTok,2025-10-30,Variety Pack,2019.0,0.0
TikTok,2025-10-31,Birria Bomb 2-Pack,76785.0,0.0
TikTok,2025-10-31,Brine Bomb,1619.0,0.0
TikTok,2025-10-31,Pozole Bomb 2-Pack,8073.0,0.0
TikTok,2025-10-31,Tinga Bomb 2-Pack,7981.0,0.0
TikTok,2025-10-31,Variety Pack,1971.0,0.0
TikTok,2025-11-01,Birria Bomb 2-Pack,76785.0,0.0
TikTok,2025-11-01,Brine Bomb,1619.0,0.0
TikTok,2025-11-01,Pozole Bomb 2-Pack,8073.0,0.0
TikTok,2025-11-01,Tinga Bomb 2-Pack,7981.0,0.0
TikTok,2025-11-01,Variety Pack,1971.0,0.0
TikTok,2025-11-02,Birria Bomb 2-Pack,76785.0,0.0
TikTok,2025-11-02,Brine Bomb,1619.0,0.0
TikTok,2025-11-02,Pozole Bomb 2-Pack,8073.0,0.0
TikTok,2025-11-02,Tinga Bomb 2-Pack,7981.0,0.0
TikTok,2025-11-02,Variety Pack,1971.0,0.0
TikTok,2025-11-03,Birria Bomb 2-Pack,76013.0,0.0
TikTok,2025-11-03,Brine Bomb,1587.0,0.0
TikTok,2025-11-03,Pozole Bomb 2-Pack,7872.0,0.0
TikTok,2025-11-03,Tinga Bomb 2-Pack,7908.0,0.0
TikTok,2025-11-03,Variety Pack,1942.0,0.0
TikTok,2025-11-04,Birria Bomb 2-Pack,75184.0,0.0
TikTok,2025-11-04,Brine Bomb,1562.0,0.0
TikTok,2025-11-04,Pozole Bomb 2-Pack,7754.0,0.0
TikTok,2025-11-04,Tinga Bomb 2-Pack,7851.0,0.0
TikTok,2025-11-04,Variety Pack,1930.0,0.0
TikTok,2025-11-05,Birria Bomb 2-Pack,74271.0,0.0
TikTok,2025-11-05,Brine Bomb,1528.0,0.0
TikTok,2025-11-05,Pozole Bomb 2-Pack,7652.0,0.0
TikTok,2025-11-05,Tinga Bomb 2-Pack,7802.0,0.0
TikTok,2025-11-05,Variety Pack,2032.0,0.0
TikTok,2025-11-06,Birria Bomb 2-Pack,73604.0,0.0
TikTok,2025-11-06,Brine Bomb,1639.0,0.0
TikTok,2025-11-06,Pozole Bomb 2-Pack,7632.0,0.0
TikTok,2025-11-06,Tinga Bomb 2-Pack,7724.0,0.0
TikTok,2025-11-06,Variety Pack,2018.0,0.0
TikTok,2025-11-07,Birria Bomb 2-Pack,72753.0,0.0
TikTok,2025-11-07,Brine Bomb,1569.0,0.0
TikTok,2025-11-07,Pozole Bomb 2-Pack,7500.0,0.0
TikTok,2025-11-07,Tinga Bomb 2-Pack,7657.0,0.0
TikTok,2025-11-07,Variety Pack,2006.0,0.0
TikTok,2025-11-08,Birria Bomb 2-Pack,72022.0,0.0
TikTok,2025-11-08,Brine Bomb,1425.0,0.0
TikTok,2025-11-08,Pozole Bomb 2-Pack,7175.0,0.0
TikTok,2025-11-08,Tinga Bomb 2-Pack,7624.0,0.0
TikTok,2025-11-08,Variety Pack,1999.0,0.0
TikTok,2025-11-09,Birria Bomb 2-Pack,70847.0,0.0
TikTok,2025-11-09,Brine Bomb,1107.0,0.0
TikTok,2025-11-09,Pozole Bomb 2-Pack,6218.0,0.0
TikTok,2025-11-09,Tinga Bomb 2-Pack,7542.0,0.0
TikTok,2025-11-09,Variety Pack,1967.0,0.0
TikTok,2025-11-10,Birria Bomb 2-Pack,69700.0,0.0
TikTok,2025-11-10,Brine Bomb,822.0,0.0
TikTok,2025-11-10,Pozole Bomb 2-Pack,5234.0,0.0
TikTok,2025-11-10,Tinga Bomb 2-Pack,7478.0,0.0
TikTok,2025-11-10,Variety Pack,1950.0,0.0
TikTok,2025-11-11,Birria Bomb 2-Pack,68677.0,0.0
TikTok,2025-11-11,Brine Bomb,416.0,4032.0
TikTok,2025-11-11,Pozole Bomb 2-Pack,4614.0,6048.0
TikTok,2025-11-11,Tinga Bomb 2-Pack,7424.0,0.0
TikTok,2025-11-11,Variety Pack,1932.0,0.0
TikTok,2025-11-12,Birria Bomb 2-Pack,67987.0,0.0
TikTok,2025-11-12,Brine Bomb,1.0,4032.0
TikTok,2025-11-12,Pozole Bomb 2-Pack,4517.0,6048.0
TikTok,2025-11-12,Tinga Bomb 2-Pack,7392.0,0.0
TikTok,2025-11-12,Variety Pack,1908.0,0.0
TikTok,2025-11-13,Birria Bomb 2-Pack,66877.0,0.0
TikTok,2025-11-13,Brine Bomb,1.0,2000.0
TikTok,2025-11-13,Pozole Bomb 2-Pack,4336.0,6048.0
TikTok,2025-11-13,Tinga Bomb 2-Pack,7328.0,0.0
TikTok,2025-11-13,Variety Pack,1871.0,0.0
TikTok,2025-11-14,Birria Bomb 2-Pack,67123.0,0.0
TikTok,2025-11-14,Brine Bomb,1.0,2000.0
TikTok,2025-11-14,Pozole Bomb 2-Pack,4069.0,6048.0
TikTok,2025-11-14,Tinga Bomb 2-Pack,7257.0,0.0
TikTok,2025-11-14,Variety Pack,1830.0,0.0
TikTok,2025-11-15,Birria Bomb 2-Pack,67123.0,0.0
TikTok,2025-11-15,Brine Bomb,1.0,0.0
TikTok,2025-11-15,Pozole Bomb 2-Pack,4069.0,6048.0
TikTok,2025-11-15,Tinga Bomb 2-Pack,7257.0,0.0
TikTok,2025-11-15,Variety Pack,1830.0,0.0
TikTok,2025-11-16,Birria Bomb 2-Pack,65530.0,0.0
TikTok,2025-11-16,Brine Bomb,230.0,0.0
TikTok,2025-11-16,Pozole Bomb 2-Pack,5371.0,6048.0
TikTok,2025-11-16,Tinga Bomb 2-Pack,7154.0,0.0
TikTok,2025-11-16,Variety Pack,1747.0,0.0
TikTok,2025-11-17,Birria Bomb 2-Pack,64314.0,0.0
TikTok,2025-11-17,Brine Bomb,730.0,0.0
TikTok,2025-11-17,Pozole Bomb 2-Pack,6188.0,6048.0
TikTok,2025-11-17,Tinga Bomb 2-Pack,7094.0,0.0
TikTok,2025-11-17,Variety Pack,1697.0,0.0
TikTok,2025-11-18,Birria Bomb 2-Pack,63495.0,0.0
TikTok,2025-11-18,Brine Bomb,244.0,0.0
TikTok,2025-11-18,Pozole Bomb 2-Pack,5983.0,6048.0
TikTok,2025-11-18,Tinga Bomb 2-Pack,7068.0,0.0
TikTok,2025-11-18,Variety Pack,1670.0,0.0
TikTok,2025-11-19,Birria Bomb 2-Pack,12096.0,12096.0
TikTok,2025-11-19,Brine Bomb,964.0,4032.0
TikTok,2025-11-19,Pozole Bomb 2-Pack,5803.0,5000.0
TikTok,2025-11-19,Tinga Bomb 2-Pack,7023.0,0.0
TikTok,2025-11-19,Variety Pack,1656.0,850.0
TikTok,2025-11-20,Birria Bomb 2-Pack,61580.0,12096.0
TikTok,2025-11-20,Brine Bomb,1480.0,4032.0
TikTok,2025-11-20,Pozole Bomb 2-Pack,8547.0,5000.0
TikTok,2025-11-20,Tinga Bomb 2-Pack,6969.0,0.0
TikTok,2025-11-20,Variety Pack,1632.0,850.0
TikTok,2025-11-21,Birria Bomb 2-Pack,60872.0,12096.0
TikTok,2025-11-21,Brine Bomb,1489.0,4032.0
TikTok,2025-11-21,Pozole Bomb 2-Pack,8607.0,4000.0
TikTok,2025-11-21,Tinga Bomb 2-Pack,6944.0,0.0
TikTok,2025-11-21,Variety Pack,1616.0,850.0
TikTok,2025-11-22,Birria Bomb 2-Pack,60314.0,12096.0
TikTok,2025-11-22,Brine Bomb,1106.0,4032.0
TikTok,2025-11-22,Pozole Bomb 2-Pack,8407.0,4000.0
TikTok,2025-11-22,Tinga Bomb 2-Pack,6918.0,0.0
TikTok,2025-11-22,Variety Pack,1604.0,850.0
TikTok,2025-11-23,Birria Bomb 2-Pack,59432.0,12096.0
TikTok,2025-11-23,Brine Bomb,760.0,4032.0
TikTok,2025-11-23,Pozole Bomb 2-Pack,8014.0,4000.0
TikTok,2025-11-23,Tinga Bomb 2-Pack,6789.0,0.0
TikTok,2025-11-23,Variety Pack,1541.0,850.0
TikTok,2025-11-24,Birria Bomb 2-Pack,58767.0,12096.0
TikTok,2025-11-24,Brine Bomb,609.0,2000.0
TikTok,2025-11-24,Pozole Bomb 2-Pack,7809.0,4000.0
TikTok,2025-11-24,Tinga Bomb 2-Pack,6749.0,0.0
TikTok,2025-11-24,Variety Pack,1506.0,850.0
TikTok,2025-11-25,Birria Bomb 2-Pack,58259.0,10000.0
TikTok,2025-11-25,Brine Bomb,582.0,2000.0
TikTok,2025-11-25,Pozole Bomb 2-Pack,7617.0,2000.0
TikTok,2025-11-25,Tinga Bomb 2-Pack,6724.0,0.0
TikTok,2025-11-25,Variety Pack,1848.0,500.0
TikTok,2025-11-26,Birria Bomb 2-Pack,61606.0,10000.0
TikTok,2025-11-26,Brine Bomb,2297.0,2000.0
TikTok,2025-11-26,Pozole Bomb 2-Pack,7383.0,2000.0
TikTok,2025-11-26,Tinga Bomb 2-Pack,6659.0,0.0
TikTok,2025-11-26,Variety Pack,2031.0,400.0
TikTok,2025-11-27,Birria Bomb 2-Pack,64950.0,5000.0
TikTok,2025-11-27,Brine Bomb,2323.0,0.0
TikTok,2025-11-27,Pozole Bomb 2-Pack,7246.0,1000.0
TikTok,2025-11-27,Tinga Bomb 2-Pack,6624.0,0.0
TikTok,2025-11-27,Variety Pack,2049.0,0.0
TikTok,2025-11-28,Birria Bomb 2-Pack,67234.0,5000.0
TikTok,2025-11-28,Brine Bomb,3591.0,0.0
TikTok,2025-11-28,Pozole Bomb 2-Pack,6986.0,0.0
TikTok,2025-11-28,Tinga Bomb 2-Pack,6516.0,0.0
TikTok,2025-11-28,Variety Pack,2106.0,0.0
TikTok,2025-11-29,Birria Bomb 2-Pack,67610.0,0.0
TikTok,2025-11-29,Brine Bomb,4070.0,0.0
TikTok,2025-11-29,Pozole Bomb 2-Pack,6638.0,0.0
TikTok,2025-11-29,Tinga Bomb 2-Pack,6396.0,0.0
TikTok,2025-11-29,Variety Pack,1986.0,0.0
TikTok,2025-11-30,Birria Bomb 2-Pack,66562.0,0.0
TikTok,2025-11-30,Brine Bomb,4176.0,0.0
TikTok,2025-11-30,Pozole Bomb 2-Pack,6037.0,0.0
TikTok,2025-11-30,Tinga Bomb 2-Pack,6260.0,0.0
TikTok,2025-11-30,Variety Pack,1924.0,0.0
TikTok,2025-12-01,Birria Bomb 2-Pack,65514.0,0.0
TikTok,2025-12-01,Brine Bomb,4074.0,0.0
TikTok,2025-12-01,Pozole Bomb 2-Pack,5456.0,0.0
TikTok,2025-12-01,Tinga Bomb 2-Pack,6134.0,0.0
TikTok,2025-12-01,Variety Pack,1919.0,0.0
TikTok,2025-12-02,Birria Bomb 2-Pack,64655.0,12096.0
TikTok,2025-12-02,Brine Bomb,4032.0,0.0
TikTok,2025-12-02,Pozole Bomb 2-Pack,5034.0,7056.0
TikTok,2025-12-02,Tinga Bomb 2-Pack,6058.0,0.0
TikTok,2025-12-02,Variety Pack,1884.0,0.0
TikTok,2025-12-03,Birria Bomb 2-Pack,63970.0,12096.0
TikTok,2025-12-03,Brine Bomb,4002.0,0.0
TikTok,2025-12-03,Pozole Bomb 2-Pack,2535.0,7056.0
TikTok,2025-12-03,Tinga Bomb 2-Pack,6039.0,0.0
TikTok,2025-12-03,Variety Pack,1902.0,0.0
TikTok,2025-12-04,Birria Bomb 2-Pack,63099.0,12096.0
TikTok,2025-12-04,Brine Bomb,3971.0,0.0
TikTok,2025-12-04,Pozole Bomb 2-Pack,2042.0,7056.0
TikTok,2025-12-04,Tinga Bomb 2-Pack,6003.0,0.0
TikTok,2025-12-04,Variety Pack,1862.0,0.0
TikTok,2025-12-05,Birria Bomb 2-Pack,62483.0,12096.0
TikTok,2025-12-05,Brine Bomb,3940.0,0.0
TikTok,2025-12-05,Pozole Bomb 2-Pack,1733.0,7056.0
TikTok,2025-12-05,Tinga Bomb 2-Pack,5984.0,0.0
TikTok,2025-12-05,Variety Pack,1834.0,0.0
TikTok,2025-12-06,Birria Bomb 2-Pack,61832.0,12096.0
TikTok,2025-12-06,Brine Bomb,3914.0,0.0
TikTok,2025-12-06,Pozole Bomb 2-Pack,1454.0,7056.0
TikTok,2025-12-06,Tinga Bomb 2-Pack,5969.0,0.0
TikTok,2025-12-06,Variety Pack,1798.0,0.0
TikTok,2025-12-07,Birria Bomb 2-Pack,61130.0,12096.0
TikTok,2025-12-07,Brine Bomb,3896.0,0.0
TikTok,2025-12-07,Pozole Bomb 2-Pack,1167.0,7056.0
TikTok,2025-12-07,Tinga Bomb 2-Pack,5945.0,0.0
TikTok,2025-12-07,Variety Pack,1782.0,0.0
TikTok,2025-12-08,Birria Bomb 2-Pack,60121.0,12096.0
TikTok,2025-12-08,Brine Bomb,3855.0,0.0
TikTok,2025-12-08,Pozole Bomb 2-Pack,765.0,7056.0
TikTok,2025-12-08,Tinga Bomb 2-Pack,5912.0,0.0
TikTok,2025-12-08,Variety Pack,1765.0,0.0
TikTok,2025-12-09,Birria Bomb 2-Pack,59547.0,12096.0
TikTok,2025-12-09,Brine Bomb,3846.0,0.0
TikTok,2025-12-09,Pozole Bomb 2-Pack,471.0,7056.0
TikTok,2025-12-09,Tinga Bomb 2-Pack,5899.0,0.0
TikTok,2025-12-09,Variety Pack,1755.0,0.0
TikTok,2025-12-10,Birria Bomb 2-Pack,58665.0,12096.0
TikTok,2025-12-10,Brine Bomb,3831.0,0.0
TikTok,2025-12-10,Pozole Bomb 2-Pack,33.0,7056.0
TikTok,2025-12-10,Tinga Bomb 2-Pack,5871.0,0.0
TikTok,2025-12-10,Variety Pack,1743.0,0.0
TikTok,2025-12-11,Birria Bomb 2-Pack,63788.0,6336.0
TikTok,2025-12-11,Brine Bomb,3805.0,0.0
TikTok,2025-12-11,Pozole Bomb 2-Pack,1650.0,5136.0
TikTok,2025-12-11,Tinga Bomb 2-Pack,5846.0,0.0
TikTok,2025-12-11,Variety Pack,1723.0,0.0
TikTok,2025-12-12,Birria Bomb 2-Pack,62892.0,6264.0
TikTok,2025-12-12,Brine Bomb,3784.0,0.0
TikTok,2025-12-12,Pozole Bomb 2-Pack,1394.0,4993.0
TikTok,2025-12-12,Tinga Bomb 2-Pack,5808.0,0.0
TikTok,2025-12-12,Variety Pack,1681.0,0.0
TikTok,2025-12-13,Birria Bomb 2-Pack,65792.0,2592.0
TikTok,2025-12-13,Brine Bomb,3763.0,0.0
TikTok,2025-12-13,Pozole Bomb 2-Pack,5313.0,769.0
TikTok,2025-12-13,Tinga Bomb 2-Pack,5783.0,0.0
TikTok,2025-12-13,Variety Pack,1647.0,0.0
TikTok,2025-12-14,Birria Bomb 2-Pack,64994.0,2592.0
TikTok,2025-12-14,Brine Bomb,3744.0,0.0
TikTok,2025-12-14,Pozole Bomb 2-Pack,4982.0,745.0
TikTok,2025-12-14,Tinga Bomb 2-Pack,5760.0,0.0
TikTok,2025-12-14,Variety Pack,1637.0,0.0
TikTok,2025-12-15,Birria Bomb 2-Pack,64809.0,2064.0
TikTok,2025-12-15,Brine Bomb,3724.0,0.0
TikTok,2025-12-15,Pozole Bomb 2-Pack,4994.0,457.0
TikTok,2025-12-15,Tinga Bomb 2-Pack,5745.0,0.0
TikTok,2025-12-15,Variety Pack,1612.0,0.0
TikTok,2025-12-16,Birria Bomb 2-Pack,64060.0,2064.0
TikTok,2025-12-16,Brine Bomb,3707.0,0.0
TikTok,2025-12-16,Pozole Bomb 2-Pack,4836.0,241.0
TikTok,2025-12-16,Tinga Bomb 2-Pack,5709.0,0.0
TikTok,2025-12-16,Variety Pack,1572.0,0.0
TikTok,2025-12-17,Birria Bomb 2-Pack,63408.0,2064.0
TikTok,2025-12-17,Brine Bomb,3693.0,0.0
TikTok,2025-12-17,Pozole Bomb 2-Pack,4518.0,217.0
TikTok,2025-12-17,Tinga Bomb 2-Pack,5681.0,0.0
TikTok,2025-12-17,Variety Pack,1552.0,0.0
TikTok,2025-12-18,Birria Bomb 2-Pack,64541.0,0.0
TikTok,2025-12-18,Brine Bomb,3666.0,0.0
TikTok,2025-12-18,Pozole Bomb 2-Pack,4298.0,49.0
TikTok,2025-12-18,Tinga Bomb 2-Pack,5641.0,0.0
TikTok,2025-12-18,Variety Pack,1475.0,0.0
TikTok,2025-12-19,Birria Bomb 2-Pack,63951.0,0.0
TikTok,2025-12-19,Brine Bomb,3656.0,0.0
TikTok,2025-12-19,Pozole Bomb 2-Pack,4045.0,49.0
TikTok,2025-12-19,Tinga Bomb 2-Pack,5627.0,0.0
TikTok,2025-12-19,Variety Pack,1454.0,0.0
TikTok,2025-12-20,Birria Bomb 2-Pack,63170.0,0.0
TikTok,2025-12-20,Brine Bomb,3638.0,0.0
TikTok,2025-12-20,Pozole Bomb 2-Pack,3675.0,49.0
TikTok,2025-12-20,Tinga Bomb 2-Pack,5593.0,0.0
TikTok,2025-12-20,Variety Pack,1432.0,0.0
TikTok,2025-12-21,Birria Bomb 2-Pack,63100.0,0.0
TikTok,2025-12-21,Brine Bomb,3600.0,0.0
TikTok,2025-12-21,Pozole Bomb 2-Pack,3576.0,49.0
TikTok,2025-12-21,Tinga Bomb 2-Pack,5543.0,0.0
TikTok,2025-12-21,Variety Pack,1400.0,0.0
TikTok,2025-12-22,Birria Bomb 2-Pack,62192.0,0.0
TikTok,2025-12-22,Brine Bomb,3606.0,0.0
TikTok,2025-12-22,Pozole Bomb 2-Pack,3186.0,49.0
TikTok,2025-12-22,Tinga Bomb 2-Pack,5569.0,0.0
TikTok,2025-12-22,Variety Pack,1409.0,0.0
TikTok,2025-12-23,Birria Bomb 2-Pack,61635.0,0.0
TikTok,2025-12-23,Brine Bomb,3602.0,0.0
TikTok,2025-12-23,Pozole Bomb 2-Pack,2886.0,4032.0
TikTok,2025-12-23,Tinga Bomb 2-Pack,5548.0,0.0
TikTok,2025-12-23,Variety Pack,1396.0,240.0
TikTok,2025-12-24,Birria Bomb 2-Pack,61186.0,0.0
TikTok,2025-12-24,Brine Bomb,3576.0,0.0
TikTok,2025-12-24,Pozole Bomb 2-Pack,2712.0,4032.0
TikTok,2025-12-24,Tinga Bomb 2-Pack,5530.0,0.0
TikTok,2025-12-24,Variety Pack,1389.0,240.0
TikTok,2025-12-25,Birria Bomb 2-Pack,60629.0,0.0
TikTok,2025-12-25,Brine Bomb,3571.0,0.0
TikTok,2025-12-25,Pozole Bomb 2-Pack,2510.0,4032.0
TikTok,2025-12-25,Tinga Bomb 2-Pack,5508.0,0.0
TikTok,2025-12-25,Variety Pack,1384.0,240.0
TikTok,2025-12-26,Birria Bomb 2-Pack,59660.0,0.0
TikTok,2025-12-26,Brine Bomb,3585.0,0.0
TikTok,2025-12-26,Pozole Bomb 2-Pack,2126.0,4032.0
TikTok,2025-12-26,Tinga Bomb 2-Pack,5466.0,0.0
TikTok,2025-12-26,Variety Pack,1355.0,240.0
TikTok,2025-12-27,Birria Bomb 2-Pack,58574.0,0.0
TikTok,2025-12-27,Brine Bomb,3571.0,0.0
TikTok,2025-12-27,Pozole Bomb 2-Pack,1788.0,4032.0
TikTok,2025-12-27,Tinga Bomb 2-Pack,5448.0,0.0
TikTok,2025-12-27,Variety Pack,1351.0,240.0
TikTok,2025-12-28,Birria Bomb 2-Pack,57546.0,0.0
TikTok,2025-12-28,Brine Bomb,3568.0,0.0
TikTok,2025-12-28,Pozole Bomb 2-Pack,1565.0,4032.0
TikTok,2025-12-28,Tinga Bomb 2-Pack,5416.0,0.0
TikTok,2025-12-28,Variety Pack,1340.0,240.0
TikTok,2025-12-29,Birria Bomb 2-Pack,56936.0,0.0
TikTok,2025-12-29,Brine Bomb,3557.0,0.0
TikTok,2025-12-29,Pozole Bomb 2-Pack,1297.0,4032.0
TikTok,2025-12-29,Tinga Bomb 2-Pack,5385.0,0.0
TikTok,2025-12-29,Variety Pack,1311.0,240.0
TikTok,2025-12-30,Birria Bomb 2-Pack,56255.0,0.0
TikTok,2025-12-30,Brine Bomb,3545.0,0.0
TikTok,2025-12-30,Pozole Bomb 2-Pack,1050.0,4032.0
TikTok,2025-12-30,Tinga Bomb 2-Pack,5355.0,0.0
TikTok,2025-12-30,Variety Pack,1294.0,240.0
TikTok,2025-12-31,Birria Bomb 2-Pack,55466.0,0.0
TikTok,2025-12-31,Brine Bomb,3525.0,0.0
TikTok,2025-12-31,Pozole Bomb 2-Pack,830.0,4008.0
TikTok,2025-12-31,Tinga Bomb 2-Pack,5314.0,0.0
TikTok,2025-12-31,Variety Pack,1252.0,240.0
TikTok,2026-01-01,Birria Bomb 2-Pack,55091.0,0.0
TikTok,2026-01-01,Brine Bomb,3519.0,0.0
TikTok,2026-01-01,Pozole Bomb 2-Pack,1724.0,2976.0
TikTok,2026-01-01,Tinga Bomb 2-Pack,5298.0,0.0
TikTok,2026-01-01,Variety Pack,1268.0,220.0
TikTok,2026-01-02,Birria Bomb 2-Pack,54659.0,0.0
TikTok,2026-01-02,Brine Bomb,3518.0,0.0
TikTok,2026-01-02,Pozole Bomb 2-Pack,1514.0,2976.0
TikTok,2026-01-02,Tinga Bomb 2-Pack,5275.0,0.0
TikTok,2026-01-02,Variety Pack,1239.0,220.0
TikTok,2026-01-03,Birria Bomb 2-Pack,53970.0,0.0
TikTok,2026-01-03,Brine Bomb,3506.0,0.0
TikTok,2026-01-03,Pozole Bomb 2-Pack,1489.0,2832.0
TikTok,2026-01-03,Tinga Bomb 2-Pack,5239.0,0.0
TikTok,2026-01-03,Variety Pack,1213.0,210.0
TikTok,2026-01-04,Birria Bomb 2-Pack,53519.0,0.0
TikTok,2026-01-04,Brine Bomb,3505.0,0.0
TikTok,2026-01-04,Pozole Bomb 2-Pack,1718.0,2544.0
TikTok,2026-01-04,Tinga Bomb 2-Pack,5220.0,0.0
TikTok,2026-01-04,Variety Pack,1209.0,210.0
TikTok,2026-01-05,Birria Bomb 2-Pack,53027.0,0.0
TikTok,2026-01-05,Brine Bomb,3502.0,0.0
TikTok,2026-01-05,Pozole Bomb 2-Pack,2121.0,2040.0
TikTok,2026-01-05,Tinga Bomb 2-Pack,5191.0,0.0
TikTok,2026-01-05,Variety Pack,1201.0,210.0
TikTok,2026-01-06,Birria Bomb 2-Pack,52774.0,0.0
TikTok,2026-01-06,Brine Bomb,3499.0,0.0
TikTok,2026-01-06,Pozole Bomb 2-Pack,2221.0,1896.0
TikTok,2026-01-06,Tinga Bomb 2-Pack,5186.0,0.0
TikTok,2026-01-06,Variety Pack,1196.0,210.0
TikTok,2026-01-07,Birria Bomb 2-Pack,52054.0,0.0
TikTok,2026-01-07,Brine Bomb,3493.0,0.0
TikTok,2026-01-07,Pozole Bomb 2-Pack,3945.0,4032.0
TikTok,2026-01-07,Tinga Bomb 2-Pack,5146.0,0.0
TikTok,2026-01-07,Variety Pack,1375.0,240.0
TikTok,2026-01-08,Birria Bomb 2-Pack,51554.0,0.0
TikTok,2026-01-08,Brine Bomb,3489.0,0.0
TikTok,2026-01-08,Pozole Bomb 2-Pack,3813.0,4032.0
TikTok,2026-01-08,Tinga Bomb 2-Pack,5122.0,0.0
TikTok,2026-01-08,Variety Pack,1343.0,240.0
TikTok,2026-01-09,Birria Bomb 2-Pack,51093.0,0.0
TikTok,2026-01-09,Brine Bomb,3486.0,0.0
TikTok,2026-01-09,Pozole Bomb 2-Pack,3704.0,4032.0
TikTok,2026-01-09,Tinga Bomb 2-Pack,5111.0,0.0
TikTok,2026-01-09,Variety Pack,1327.0,240.0
TikTok,2026-01-10,Birria Bomb 2-Pack,50343.0,0.0
TikTok,2026-01-10,Brine Bomb,3475.0,0.0
TikTok,2026-01-10,Pozole Bomb 2-Pack,3519.0,4032.0
TikTok,2026-01-10,Tinga Bomb 2-Pack,5055.0,0.0
TikTok,2026-01-10,Variety Pack,1255.0,240.0
TikTok,2026-01-11,Birria Bomb 2-Pack,49801.0,0.0
TikTok,2026-01-11,Brine Bomb,3472.0,0.0
TikTok,2026-01-11,Pozole Bomb 2-Pack,3403.0,4032.0
TikTok,2026-01-11,Tinga Bomb 2-Pack,5041.0,0.0
TikTok,2026-01-11,Variety Pack,1255.0,240.0
TikTok,2026-01-12,Birria Bomb 2-Pack,49197.0,0.0
TikTok,2026-01-12,Brine Bomb,3467.0,0.0
TikTok,2026-01-12,Pozole Bomb 2-Pack,3235.0,4032.0
TikTok,2026-01-12,Tinga Bomb 2-Pack,5018.0,0.0
TikTok,2026-01-12,Variety Pack,1222.0,240.0
TikTok,2026-01-13,Birria Bomb 2-Pack,48757.0,0.0
TikTok,2026-01-13,Brine Bomb,3461.0,0.0
TikTok,2026-01-13,Pozole Bomb 2-Pack,3138.0,4032.0
TikTok,2026-01-13,Tinga Bomb 2-Pack,4992.0,0.0
TikTok,2026-01-13,Variety Pack,1191.0,240.0
TikTok,2026-01-14,Birria Bomb 2-Pack,48277.0,0.0
TikTok,2026-01-14,Brine Bomb,3452.0,0.0
TikTok,2026-01-14,Pozole Bomb 2-Pack,3015.0,4032.0
TikTok,2026-01-14,Tinga Bomb 2-Pack,4958.0,0.0
TikTok,2026-01-14,Variety Pack,1173.0,240.0
TikTok,2026-01-15,Birria Bomb 2-Pack,47822.0,0.0
TikTok,2026-01-15,Brine Bomb,3450.0,0.0
TikTok,2026-01-15,Pozole Bomb 2-Pack,2908.0,4032.0
TikTok,2026-01-15,Tinga Bomb 2-Pack,4940.0,0.0
TikTok,2026-01-15,Variety Pack,1158.0,240.0
TikTok,2026-01-16,Birria Bomb 2-Pack,47323.0,0.0
TikTok,2026-01-16,Brine Bomb,3446.0,0.0
TikTok,2026-01-16,Pozole Bomb 2-Pack,2818.0,4032.0
TikTok,2026-01-16,Tinga Bomb 2-Pack,4913.0,0.0
TikTok,2026-01-16,Variety Pack,1140.0,240.0
TikTok,2026-01-17,Birria Bomb 2-Pack,46671.0,0.0
TikTok,2026-01-17,Brine Bomb,3443.0,0.0
TikTok,2026-01-17,Pozole Bomb 2-Pack,2719.0,4032.0
TikTok,2026-01-17,Tinga Bomb 2-Pack,4892.0,0.0
TikTok,2026-01-17,Variety Pack,1127.0,240.0
TikTok,2026-01-18,Birria Bomb 2-Pack,46142.0,0.0
TikTok,2026-01-18,Brine Bomb,3443.0,0.0
TikTok,2026-01-18,Pozole Bomb 2-Pack,2624.0,4032.0
TikTok,2026-01-18,Tinga Bomb 2-Pack,4871.0,0.0
TikTok,2026-01-18,Variety Pack,1121.0,240.0
TikTok,2026-01-19,Birria Bomb 2-Pack,45591.0,0.0
TikTok,2026-01-19,Brine Bomb,3442.0,0.0
TikTok,2026-01-19,Pozole Bomb 2-Pack,2523.0,4032.0
TikTok,2026-01-19,Tinga Bomb 2-Pack,4832.0,0.0
TikTok,2026-01-19,Variety Pack,1098.0,240.0
TikTok,2026-01-20,Birria Bomb 2-Pack,45234.0,0.0
TikTok,2026-01-20,Brine Bomb,3439.0,0.0
TikTok,2026-01-20,Pozole Bomb 2-Pack,2459.0,4032.0
TikTok,2026-01-20,Tinga Bomb 2-Pack,4817.0,0.0
TikTok,2026-01-20,Variety Pack,1089.0,240.0
TikTok,2026-01-21,Birria Bomb 2-Pack,44979.0,0.0
TikTok,2026-01-21,Brine Bomb,3432.0,0.0
TikTok,2026-01-21,Pozole Bomb 2-Pack,2361.0,4032.0
TikTok,2026-01-21,Tinga Bomb 2-Pack,4794.0,0.0
TikTok,2026-01-21,Variety Pack,1073.0,240.0
TikTok,2026-01-22,Birria Bomb 2-Pack,44544.0,0.0
TikTok,2026-01-22,Brine Bomb,3427.0,0.0
TikTok,2026-01-22,Pozole Bomb 2-Pack,2262.0,4032.0
TikTok,2026-01-22,Tinga Bomb 2-Pack,4771.0,0.0
TikTok,2026-01-22,Variety Pack,1061.0,240.0
TikTok,2026-01-23,Birria Bomb 2-Pack,43680.0,0.0
TikTok,2026-01-23,Brine Bomb,3424.0,0.0
TikTok,2026-01-23,Pozole Bomb 2-Pack,2077.0,4032.0
TikTok,2026-01-23,Tinga Bomb 2-Pack,4730.0,0.0
TikTok,2026-01-23,Variety Pack,1035.0,240.0
TikTok,2026-01-24,Birria Bomb 2-Pack,43058.0,0.0
TikTok,2026-01-24,Brine Bomb,3422.0,0.0
TikTok,2026-01-24,Pozole Bomb 2-Pack,1937.0,4032.0
TikTok,2026-01-24,Tinga Bomb 2-Pack,4712.0,0.0
TikTok,2026-01-24,Variety Pack,1028.0,240.0
TikTok,2026-01-25,Birria Bomb 2-Pack,42700.0,0.0
TikTok,2026-01-25,Brine Bomb,3422.0,0.0
TikTok,2026-01-25,Pozole Bomb 2-Pack,1881.0,4032.0
TikTok,2026-01-25,Tinga Bomb 2-Pack,4652.0,0.0
TikTok,2026-01-25,Variety Pack,1022.0,240.0
TikTok,2026-01-26,Birria Bomb 2-Pack,42247.0,0.0
TikTok,2026-01-26,Brine Bomb,3420.0,0.0
TikTok,2026-01-26,Pozole Bomb 2-Pack,1820.0,4032.0
TikTok,2026-01-26,Tinga Bomb 2-Pack,4639.0,0.0
TikTok,2026-01-26,Variety Pack,1013.0,240.0
TikTok,2026-01-27,Birria Bomb 2-Pack,41771.0,0.0
TikTok,2026-01-27,Brine Bomb,3419.0,0.0
TikTok,2026-01-27,Pozole Bomb 2-Pack,1755.0,4032.0
TikTok,2026-01-27,Tinga Bomb 2-Pack,4597.0,0.0
TikTok,2026-01-27,Variety Pack,1008.0,240.0
TikTok,2026-01-28,Birria Bomb 2-Pack,41364.0,0.0
TikTok,2026-01-28,Brine Bomb,3418.0,0.0
TikTok,2026-01-28,Pozole Bomb 2-Pack,1634.0,4032.0
TikTok,2026-01-28,Tinga Bomb 2-Pack,4493.0,0.0
TikTok,2026-01-28,Variety Pack,1006.0,240.0
TikTok,2026-01-29,Birria Bomb 2-Pack,40907.0,0.0
TikTok,2026-01-29,Brine Bomb,3415.0,0.0
TikTok,2026-01-29,Pozole Bomb 2-Pack,1507.0,4032.0
TikTok,2026-01-29,Tinga Bomb 2-Pack,4431.0,0.0
TikTok,2026-01-29,Variety Pack,998.0,240.0
TikTok,2026-01-30,Birria Bomb 2-Pack,40116.0,0.0
TikTok,2026-01-30,Brine Bomb,3411.0,0.0
TikTok,2026-01-30,Pozole Bomb 2-Pack,1386.0,4032.0
TikTok,2026-01-30,Tinga Bomb 2-Pack,4367.0,0.0
TikTok,2026-01-30,Variety Pack,987.0,240.0
TikTok,2026-01-31,Birria Bomb 2-Pack,39267.0,0.0
TikTok,2026-01-31,Brine Bomb,3408.0,0.0
TikTok,2026-01-31,Pozole Bomb 2-Pack,1238.0,4032.0
TikTok,2026-01-31,Tinga Bomb 2-Pack,4310.0,0.0
TikTok,2026-01-31,Variety Pack,973.0,240.0
TikTok,2026-02-01,Birria Bomb 2-Pack,38799.0,0.0
TikTok,2026-02-01,Brine Bomb,3407.0,0.0
TikTok,2026-02-01,Pozole Bomb 2-Pack,1152.0,4032.0
TikTok,2026-02-01,Tinga Bomb 2-Pack,4283.0,0.0
TikTok,2026-02-01,Variety Pack,968.0,240.0
TikTok,2026-02-02,Birria Bomb 2-Pack,38359.0,0.0
TikTok,2026-02-02,Brine Bomb,3402.0,0.0
TikTok,2026-02-02,Pozole Bomb 2-Pack,1074.0,4032.0
TikTok,2026-02-02,Tinga Bomb 2-Pack,4240.0,0.0
TikTok,2026-02-02,Variety Pack,956.0,240.0
TikTok,2026-02-03,Birria Bomb 2-Pack,38055.0,0.0
TikTok,2026-02-03,Brine Bomb,3399.0,0.0
TikTok,2026-02-03,Pozole Bomb 2-Pack,1023.0,4032.0
TikTok,2026-02-03,Tinga Bomb 2-Pack,4193.0,0.0
TikTok,2026-02-03,Variety Pack,943.0,480.0
TikTok,2026-02-04,Birria Bomb 2-Pack,37744.0,0.0
TikTok,2026-02-04,Brine Bomb,3394.0,0.0
TikTok,2026-02-04,Pozole Bomb 2-Pack,955.0,4032.0
TikTok,2026-02-04,Tinga Bomb 2-Pack,4140.0,0.0
TikTok,2026-02-04,Variety Pack,932.0,480.0
TikTok,2026-02-05,Birria Bomb 2-Pack,37407.0,0.0
TikTok,2026-02-05,Brine Bomb,3389.0,0.0
TikTok,2026-02-05,Pozole Bomb 2-Pack,901.0,4032.0
TikTok,2026-02-05,Tinga Bomb 2-Pack,4111.0,0.0
TikTok,2026-02-05,Variety Pack,926.0,480.0
TikTok,2026-02-06,Birria Bomb 2-Pack,37221.0,0.0
TikTok,2026-02-06,Brine Bomb,3387.0,0.0
TikTok,2026-02-06,Pozole Bomb 2-Pack,851.0,4032.0
TikTok,2026-02-06,Tinga Bomb 2-Pack,4094.0,0.0
TikTok,2026-02-06,Variety Pack,925.0,480.0
TikTok,2026-02-07,Birria Bomb 2-Pack,36667.0,0.0
TikTok,2026-02-07,Brine Bomb,3375.0,0.0
TikTok,2026-02-07,Pozole Bomb 2-Pack,734.0,4032.0
TikTok,2026-02-07,Tinga Bomb 2-Pack,4036.0,0.0
TikTok,2026-02-07,Variety Pack,916.0,480.0
TikTok,2026-02-08,Birria Bomb 2-Pack,36361.0,0.0
TikTok,2026-02-08,Brine Bomb,3376.0,0.0
TikTok,2026-02-08,Pozole Bomb 2-Pack,688.0,4032.0
TikTok,2026-02-08,Tinga Bomb 2-Pack,4016.0,0.0
TikTok,2026-02-08,Variety Pack,911.0,480.0
TikTok,2026-02-09,Birria Bomb 2-Pack,36153.0,0.0
TikTok,2026-02-09,Brine Bomb,3374.0,0.0
TikTok,2026-02-09,Pozole Bomb 2-Pack,652.0,4032.0
TikTok,2026-02-09,Tinga Bomb 2-Pack,4000.0,0.0
TikTok,2026-02-09,Variety Pack,911.0,480.0
TikTok,2026-02-10,Birria Bomb 2-Pack,35697.0,0.0
TikTok,2026-02-10,Brine Bomb,3370.0,0.0
TikTok,2026-02-10,Pozole Bomb 2-Pack,587.0,4032.0
TikTok,2026-02-10,Tinga Bomb 2-Pack,3975.0,0.0
TikTok,2026-02-10,Variety Pack,909.0,480.0
TikTok,2026-02-11,Birria Bomb 2-Pack,35250.0,0.0
TikTok,2026-02-11,Brine Bomb,3364.0,0.0
TikTok,2026-02-11,Pozole Bomb 2-Pack,1795.0,2760.0
TikTok,2026-02-11,Tinga Bomb 2-Pack,3921.0,0.0
TikTok,2026-02-11,Variety Pack,1171.0,210.0
TikTok,2026-02-12,Birria Bomb 2-Pack,35250.0,0.0
TikTok,2026-02-12,Brine Bomb,3364.0,0.0
TikTok,2026-02-12,Pozole Bomb 2-Pack,1795.0,2760.0
TikTok,2026-02-12,Tinga Bomb 2-Pack,3921.0,0.0
TikTok,2026-02-12,Variety Pack,1171.0,210.0
TikTok,2026-02-13,Birria Bomb 2-Pack,34220.0,0.0
TikTok,2026-02-13,Brine Bomb,3358.0,0.0
TikTok,2026-02-13,Pozole Bomb 2-Pack,2898.0,1512.0
TikTok,2026-02-13,Pozole Verde Bomb 2-Pack,0.0,12192.0
TikTok,2026-02-13,Tinga Bomb 2-Pack,3872.0,0.0
TikTok,2026-02-13,Variety Pack,1293.0,50.0
TikTok,2026-02-14,Birria Bomb 2-Pack,33783.0,0.0
TikTok,2026-02-14,Brine Bomb,3353.0,0.0
TikTok,2026-02-14,Pozole Bomb 2-Pack,2848.0,1512.0
TikTok,2026-02-14,Pozole Verde Bomb 2-Pack,0.0,12192.0
TikTok,2026-02-14,Tinga Bomb 2-Pack,3846.0,0.0
TikTok,2026-02-14,Variety Pack,1266.0,50.0
TikTok,2026-02-15,Birria Bomb 2-Pack,33379.0,0.0
TikTok,2026-02-15,Brine Bomb,3349.0,0.0
TikTok,2026-02-15,Pozole Bomb 2-Pack,3524.0,792.0
TikTok,2026-02-15,Pozole Verde Bomb 2-Pack,0.0,12192.0
TikTok,2026-02-15,Tinga Bomb 2-Pack,3825.0,0.0
TikTok,2026-02-15,Variety Pack,1245.0,50.0
TikTok,2026-02-16,Birria Bomb 2-Pack,33038.0,0.0
TikTok,2026-02-16,Brine Bomb,3349.0,0.0
TikTok,2026-02-16,Pozole Bomb 2-Pack,4270.0,0.0
TikTok,2026-02-16,Pozole Verde Bomb 2-Pack,0.0,12192.0
TikTok,2026-02-16,Tinga Bomb 2-Pack,3811.0,0.0
TikTok,2026-02-16,Variety Pack,1292.0,0.0
TikTok,2026-02-17,Birria Bomb 2-Pack,32538.0,0.0
TikTok,2026-02-17,Brine Bomb,3346.0,0.0
TikTok,2026-02-17,Pozole Bomb 2-Pack,4201.0,0.0
TikTok,2026-02-17,Pozole Verde Bomb 2-Pack,0.0,12192.0
TikTok,2026-02-17,Tinga Bomb 2-Pack,3781.0,0.0
TikTok,2026-02-17,Variety Pack,1274.0,0.0
TikTok,2026-02-18,Birria Bomb 2-Pack,32176.0,0.0
TikTok,2026-02-18,Brine Bomb,3342.0,0.0
TikTok,2026-02-18,Pozole Bomb 2-Pack,4142.0,0.0
TikTok,2026-02-18,Pozole Verde Bomb 2-Pack,0.0,12192.0
TikTok,2026-02-18,Tinga Bomb 2-Pack,3743.0,0.0
TikTok,2026-02-18,Variety Pack,1258.0,0.0
TikTok,2026-02-19,Birria Bomb 2-Pack,31806.0,0.0
TikTok,2026-02-19,Brine Bomb,3339.0,0.0
TikTok,2026-02-19,Pozole Bomb 2-Pack,4102.0,0.0
TikTok,2026-02-19,Pozole Verde Bomb 2-Pack,0.0,12192.0
TikTok,2026-02-19,Tinga Bomb 2-Pack,3720.0,0.0
TikTok,2026-02-19,Variety Pack,1248.0,0.0
TikTok,2026-02-20,Birria Bomb 2-Pack,31266.0,0.0
TikTok,2026-02-20,Brine Bomb,3336.0,0.0
TikTok,2026-02-20,Pozole Bomb 2-Pack,4014.0,0.0
TikTok,2026-02-20,Pozole Verde Bomb 2-Pack,0.0,12192.0
TikTok,2026-02-20,Tinga Bomb 2-Pack,3691.0,0.0
TikTok,2026-02-20,Variety Pack,1232.0,0.0
TikTok,2026-02-21,Birria Bomb 2-Pack,30741.0,0.0
TikTok,2026-02-21,Brine Bomb,3311.0,0.0
TikTok,2026-02-21,Pozole Bomb 2-Pack,3946.0,0.0
TikTok,2026-02-21,Pozole Verde Bomb 2-Pack,0.0,12192.0
TikTok,2026-02-21,Tinga Bomb 2-Pack,3670.0,0.0
TikTok,2026-02-21,Variety Pack,1212.0,0.0
TikTok,2026-02-22,Birria Bomb 2-Pack,30199.0,0.0
TikTok,2026-02-22,Brine Bomb,3311.0,0.0
TikTok,2026-02-22,Pozole Bomb 2-Pack,3852.0,0.0
TikTok,2026-02-22,Pozole Verde Bomb 2-Pack,0.0,12192.0
TikTok,2026-02-22,Tinga Bomb 2-Pack,3637.0,0.0
TikTok,2026-02-22,Variety Pack,1193.0,0.0
TikTok,2026-02-23,Birria Bomb 2-Pack,29485.0,0.0
TikTok,2026-02-23,Brine Bomb,3307.0,0.0
TikTok,2026-02-23,Pozole Bomb 2-Pack,3748.0,0.0
TikTok,2026-02-23,Pozole Verde Bomb 2-Pack,0.0,12192.0
TikTok,2026-02-23,Tinga Bomb 2-Pack,3595.0,0.0
TikTok,2026-02-23,Variety Pack,1161.0,0.0
TikTok,2026-02-24,Birria Bomb 2-Pack,28776.0,0.0
TikTok,2026-02-24,Brine Bomb,3304.0,0.0
TikTok,2026-02-24,Pozole Bomb 2-Pack,3656.0,0.0
TikTok,2026-02-24,Pozole Verde Bomb 2-Pack,0.0,12192.0
TikTok,2026-02-24,Tinga Bomb 2-Pack,3554.0,0.0
TikTok,2026-02-24,Variety Pack,1137.0,0.0
TikTok,2026-02-25,Birria Bomb 2-Pack,28130.0,0.0
TikTok,2026-02-25,Brine Bomb,3301.0,0.0
TikTok,2026-02-25,Pozole Bomb 2-Pack,3280.0,0.0
TikTok,2026-02-25,Pozole Verde Bomb 2-Pack,0.0,12192.0
TikTok,2026-02-25,Tinga Bomb 2-Pack,3531.0,0.0
TikTok,2026-02-25,Variety Pack,1122.0,0.0
TikTok,2026-02-26,Birria Bomb 2-Pack,27430.0,0.0
TikTok,2026-02-26,Brine Bomb,3298.0,0.0
TikTok,2026-02-26,Pozole Bomb 2-Pack,2769.0,0.0
TikTok,2026-02-26,Pozole Verde Bomb 2-Pack,0.0,12192.0
TikTok,2026-02-26,Tinga Bomb 2-Pack,3506.0,0.0
TikTok,2026-02-26,Variety Pack,1112.0,0.0
TikTok,2026-02-27,Birria Bomb 2-Pack,26777.0,0.0
TikTok,2026-02-27,Brine Bomb,3295.0,0.0
TikTok,2026-02-27,Pozole Bomb 2-Pack,2262.0,0.0
TikTok,2026-02-27,Pozole Verde Bomb 2-Pack,0.0,12192.0
TikTok,2026-02-27,Tinga Bomb 2-Pack,3482.0,0.0
TikTok,2026-02-27,Variety Pack,1098.0,0.0
TikTok,2026-02-28,Birria Bomb 2-Pack,25940.0,0.0
TikTok,2026-02-28,Brine Bomb,3292.0,0.0
TikTok,2026-02-28,Pozole Bomb 2-Pack,1619.0,0.0
TikTok,2026-02-28,Pozole Verde Bomb 2-Pack,2040.0,10152.0
TikTok,2026-02-28,Tinga Bomb 2-Pack,3442.0,0.0
TikTok,2026-02-28,Variety Pack,1093.0,0.0
TikTok,2026-03-01,Birria Bomb 2-Pack,25425.0,0.0
TikTok,2026-03-01,Brine Bomb,3289.0,0.0
TikTok,2026-03-01,Pozole Bomb 2-Pack,1379.0,0.0
TikTok,2026-03-01,Pozole Verde Bomb 2-Pack,4080.0,8112.0
TikTok,2026-03-01,Tinga Bomb 2-Pack,3420.0,0.0
TikTok,2026-03-01,Variety Pack,1085.0,0.0
TikTok,2026-03-02,Birria Bomb 2-Pack,24849.0,0.0
TikTok,2026-03-02,Brine Bomb,3286.0,0.0
TikTok,2026-03-02,Pozole Bomb 2-Pack,1327.0,0.0
TikTok,2026-03-02,Pozole Verde Bomb 2-Pack,6096.0,6096.0
TikTok,2026-03-02,Tinga Bomb 2-Pack,3390.0,0.0
TikTok,2026-03-02,Variety Pack,1075.0,0.0
TikTok,2026-03-03,Birria Bomb 2-Pack,24426.0,0.0
TikTok,2026-03-03,Brine Bomb,3285.0,0.0
TikTok,2026-03-03,Pozole Bomb 2-Pack,1271.0,0.0
TikTok,2026-03-03,Pozole Verde Bomb 2-Pack,6096.0,6096.0
TikTok,2026-03-03,Tinga Bomb 2-Pack,3368.0,0.0
TikTok,2026-03-03,Variety Pack,1053.0,0.0
TikTok,2026-03-04,Birria Bomb 2-Pack,24081.0,0.0
TikTok,2026-03-04,Brine Bomb,3284.0,0.0
TikTok,2026-03-04,Pozole Bomb 2-Pack,1236.0,0.0
TikTok,2026-03-04,Pozole Verde Bomb 2-Pack,6096.0,6096.0
TikTok,2026-03-04,Tinga Bomb 2-Pack,3360.0,0.0
TikTok,2026-03-04,Variety Pack,1049.0,0.0
TikTok,2026-03-05,Birria Bomb 2-Pack,23650.0,0.0
TikTok,2026-03-05,Brine Bomb,3280.0,0.0
TikTok,2026-03-05,Pozole Bomb 2-Pack,1171.0,0.0
TikTok,2026-03-05,Pozole Verde Bomb 2-Pack,12192.0,0.0
TikTok,2026-03-05,Tinga Bomb 2-Pack,3341.0,0.0
TikTok,2026-03-05,Variety Pack,1045.0,0.0
TikTok,2026-03-06,Birria Bomb 2-Pack,23275.0,0.0
TikTok,2026-03-06,Brine Bomb,3278.0,0.0
TikTok,2026-03-06,Pozole Bomb 2-Pack,1136.0,0.0
TikTok,2026-03-06,Pozole Verde Bomb 2-Pack,12192.0,0.0
TikTok,2026-03-06,Tinga Bomb 2-Pack,3318.0,0.0
TikTok,2026-03-06,Variety Pack,1053.0,0.0
TikTok,2026-03-07,Birria Bomb 2-Pack,22809.0,0.0
TikTok,2026-03-07,Brine Bomb,3278.0,0.0
TikTok,2026-03-07,Pozole Bomb 2-Pack,1099.0,0.0
TikTok,2026-03-07,Pozole Verde Bomb 2-Pack,12192.0,0.0
TikTok,2026-03-07,Tinga Bomb 2-Pack,3295.0,0.0
TikTok,2026-03-07,Variety Pack,1052.0,0.0
TikTok,2026-03-08,Birria Bomb 2-Pack,22461.0,0.0
TikTok,2026-03-08,Brine Bomb,3276.0,0.0
TikTok,2026-03-08,Pozole Bomb 2-Pack,1065.0,0.0
TikTok,2026-03-08,Pozole Verde Bomb 2-Pack,12192.0,0.0
TikTok,2026-03-08,Tinga Bomb 2-Pack,3285.0,0.0
TikTok,2026-03-08,Variety Pack,1050.0,0.0
TikTok,2026-03-09,Birria Bomb 2-Pack,22041.0,5400.0
TikTok,2026-03-09,Brine Bomb,3276.0,0.0
TikTok,2026-03-09,Pozole Bomb 2-Pack,1009.0,4800.0
TikTok,2026-03-09,Pozole Verde Bomb 2-Pack,12190.0,0.0
TikTok,2026-03-09,Tinga Bomb 2-Pack,3255.0,0.0
TikTok,2026-03-09,Variety Pack,1046.0,0.0
TikTok,2026-03-10,Birria Bomb 2-Pack,21086.0,5400.0
TikTok,2026-03-10,Brine Bomb,3274.0,0.0
TikTok,2026-03-10,Pozole Bomb 2-Pack,890.0,4800.0
TikTok,2026-03-10,Pozole Verde Bomb 2-Pack,11064.0,0.0
TikTok,2026-03-10,Tinga Bomb 2-Pack,3197.0,0.0
TikTok,2026-03-10,Variety Pack,1037.0,0.0
TikTok,2026-03-11,Birria Bomb 2-Pack,20201.0,5400.0
TikTok,2026-03-11,Brine Bomb,3265.0,0.0
TikTok,2026-03-11,Pozole Bomb 2-Pack,739.0,4800.0
TikTok,2026-03-11,Pozole Verde Bomb 2-Pack,9411.0,0.0
TikTok,2026-03-11,Tinga Bomb 2-Pack,3148.0,0.0
TikTok,2026-03-11,Variety Pack,1029.0,0.0
TikTok,2026-03-12,Birria Bomb 2-Pack,19644.0,5400.0
TikTok,2026-03-12,Brine Bomb,3262.0,0.0
TikTok,2026-03-12,Pozole Bomb 2-Pack,628.0,4800.0
TikTok,2026-03-12,Pozole Verde Bomb 2-Pack,8878.0,0.0
TikTok,2026-03-12,Tinga Bomb 2-Pack,3123.0,0.0
TikTok,2026-03-12,Variety Pack,1023.0,0.0
TikTok,2026-03-13,Birria Bomb 2-Pack,19086.0,5400.0
TikTok,2026-03-13,Brine Bomb,3260.0,0.0
TikTok,2026-03-13,Pozole Bomb 2-Pack,545.0,4800.0
TikTok,2026-03-13,Pozole Verde Bomb 2-Pack,8369.0,0.0
TikTok,2026-03-13,Tinga Bomb 2-Pack,3100.0,0.0
TikTok,2026-03-13,Variety Pack,1019.0,0.0
TikTok,2026-03-14,Birria Bomb 2-Pack,18606.0,5400.0
TikTok,2026-03-14,Brine Bomb,3258.0,0.0
TikTok,2026-03-14,Pozole Bomb 2-Pack,1043.0,4800.0
TikTok,2026-03-14,Pozole Verde Bomb 2-Pack,7988.0,0.0
TikTok,2026-03-14,Tinga Bomb 2-Pack,3070.0,0.0
TikTok,2026-03-14,Variety Pack,1005.0,0.0
TikTok,2026-03-15,Birria Bomb 2-Pack,18086.0,5400.0
TikTok,2026-03-15,Brine Bomb,3265.0,0.0
TikTok,2026-03-15,Pozole Bomb 2-Pack,2230.0,2976.0
TikTok,2026-03-15,Pozole Verde Bomb 2-Pack,7628.0,0.0
TikTok,2026-03-15,Tinga Bomb 2-Pack,3054.0,0.0
TikTok,2026-03-15,Variety Pack,1002.0,0.0
TikTok,2026-03-16,Birria Bomb 2-Pack,17656.0,5400.0
TikTok,2026-03-16,Brine Bomb,3264.0,0.0
TikTok,2026-03-16,Pozole Bomb 2-Pack,2173.0,2976.0
TikTok,2026-03-16,Pozole Verde Bomb 2-Pack,7318.0,0.0
TikTok,2026-03-16,Tinga Bomb 2-Pack,3022.0,0.0
TikTok,2026-03-16,Variety Pack,995.0,0.0
TikTok,2026-03-17,Birria Bomb 2-Pack,18882.0,3696.0
TikTok,2026-03-17,Brine Bomb,3264.0,0.0
TikTok,2026-03-17,Pozole Bomb 2-Pack,4135.0,936.0
TikTok,2026-03-17,Pozole Verde Bomb 2-Pack,6995.0,0.0
TikTok,2026-03-17,Tinga Bomb 2-Pack,3002.0,0.0
TikTok,2026-03-17,Variety Pack,954.0,0.0
TikTok,2026-03-18,Birria Bomb 2-Pack,18460.0,3696.0
TikTok,2026-03-18,Brine Bomb,3262.0,0.0
TikTok,2026-03-18,Pozole Bomb 2-Pack,4074.0,936.0
TikTok,2026-03-18,Pozole Verde Bomb 2-Pack,6756.0,0.0
TikTok,2026-03-18,Tinga Bomb 2-Pack,2982.0,0.0
TikTok,2026-03-18,Variety Pack,943.0,0.0
TikTok,2026-03-19,Birria Bomb 2-Pack,18033.0,3696.0
TikTok,2026-03-19,Brine Bomb,3261.0,0.0
TikTok,2026-03-19,Pozole Bomb 2-Pack,4018.0,936.0
TikTok,2026-03-19,Pozole Verde Bomb 2-Pack,6379.0,0.0
TikTok,2026-03-19,Tinga Bomb 2-Pack,2950.0,0.0
TikTok,2026-03-19,Variety Pack,940.0,0.0
TikTok,2026-03-20,Birria Bomb 2-Pack,19262.0,2041.0
TikTok,2026-03-20,Brine Bomb,3257.0,0.0
TikTok,2026-03-20,Pozole Bomb 2-Pack,4898.0,0.0
TikTok,2026-03-20,Pozole Verde Bomb 2-Pack,6069.0,0.0
TikTok,2026-03-20,Tinga Bomb 2-Pack,2931.0,0.0
TikTok,2026-03-20,Variety Pack,930.0,0.0
TikTok,2026-03-21,Birria Bomb 2-Pack,20811.0,49.0
TikTok,2026-03-21,Brine Bomb,3256.0,0.0
TikTok,2026-03-21,Pozole Bomb 2-Pack,4838.0,0.0
TikTok,2026-03-21,Pozole Verde Bomb 2-Pack,5753.0,0.0
TikTok,2026-03-21,Tinga Bomb 2-Pack,2917.0,0.0
TikTok,2026-03-21,Variety Pack,920.0,0.0
TikTok,2026-03-22,Birria Bomb 2-Pack,20410.0,49.0
TikTok,2026-03-22,Brine Bomb,3255.0,0.0
TikTok,2026-03-22,Pozole Bomb 2-Pack,4789.0,0.0
TikTok,2026-03-22,Pozole Verde Bomb 2-Pack,5492.0,0.0
TikTok,2026-03-22,Tinga Bomb 2-Pack,2894.0,0.0
TikTok,2026-03-22,Variety Pack,909.0,0.0
TikTok,2026-03-23,Birria Bomb 2-Pack,20048.0,25.0
TikTok,2026-03-23,Brine Bomb,3255.0,0.0
TikTok,2026-03-23,Pozole Bomb 2-Pack,4740.0,0.0
TikTok,2026-03-23,Pozole Verde Bomb 2-Pack,5312.0,0.0
TikTok,2026-03-23,Tinga Bomb 2-Pack,2873.0,0.0
TikTok,2026-03-23,Variety Pack,903.0,0.0
TikTok,2026-03-24,Birria Bomb 2-Pack,19448.0,25.0
TikTok,2026-03-24,Brine Bomb,3250.0,0.0
TikTok,2026-03-24,Pozole Bomb 2-Pack,4642.0,0.0
TikTok,2026-03-24,Pozole Verde Bomb 2-Pack,4955.0,0.0
TikTok,2026-03-24,Tinga Bomb 2-Pack,2845.0,0.0
TikTok,2026-03-24,Variety Pack,888.0,0.0
TikTok,2026-03-25,Birria Bomb 2-Pack,19332.0,25.0
TikTok,2026-03-25,Brine Bomb,3249.0,0.0
TikTok,2026-03-25,Pozole Bomb 2-Pack,4630.0,0.0
TikTok,2026-03-25,Pozole Verde Bomb 2-Pack,3249.0,0.0
TikTok,2026-03-25,Tinga Bomb 2-Pack,2836.0,0.0
TikTok,2026-03-25,Variety Pack,887.0,0.0
TikTok,2026-03-26,Birria Bomb 2-Pack,19110.0,25.0
TikTok,2026-03-26,Brine Bomb,3245.0,0.0
TikTok,2026-03-26,Pozole Bomb 2-Pack,4593.0,0.0
TikTok,2026-03-26,Pozole Verde Bomb 2-Pack,4774.0,0.0
TikTok,2026-03-26,Tinga Bomb 2-Pack,2819.0,0.0
TikTok,2026-03-26,Variety Pack,882.0,0.0
TikTok,2026-03-27,Birria Bomb 2-Pack,18740.0,25.0
TikTok,2026-03-27,Brine Bomb,3243.0,0.0
TikTok,2026-03-27,Pozole Bomb 2-Pack,4542.0,0.0
TikTok,2026-03-27,Pozole Verde Bomb 2-Pack,4589.0,0.0
TikTok,2026-03-27,Tinga Bomb 2-Pack,2807.0,0.0
TikTok,2026-03-27,Variety Pack,879.0,0.0
TikTok,2026-03-28,Birria Bomb 2-Pack,18095.0,25.0
TikTok,2026-03-28,Brine Bomb,3241.0,0.0
TikTok,2026-03-28,Pozole Bomb 2-Pack,4495.0,0.0
TikTok,2026-03-28,Pozole Verde Bomb 2-Pack,4289.0,0.0
TikTok,2026-03-28,Tinga Bomb 2-Pack,2788.0,0.0
TikTok,2026-03-28,Variety Pack,872.0,0.0
TikTok,2026-03-29,Birria Bomb 2-Pack,17610.0,25.0
TikTok,2026-03-29,Brine Bomb,3241.0,0.0
TikTok,2026-03-29,Pozole Bomb 2-Pack,4432.0,0.0
TikTok,2026-03-29,Pozole Verde Bomb 2-Pack,4019.0,0.0
TikTok,2026-03-29,Tinga Bomb 2-Pack,2779.0,0.0
TikTok,2026-03-29,Variety Pack,871.0,0.0
TikTok,2026-03-30,Birria Bomb 2-Pack,16986.0,25.0
TikTok,2026-03-30,Brine Bomb,3241.0,0.0
TikTok,2026-03-30,Pozole Bomb 2-Pack,4368.0,0.0
TikTok,2026-03-30,Pozole Verde Bomb 2-Pack,3790.0,0.0
TikTok,2026-03-30,Tinga Bomb 2-Pack,2755.0,0.0
TikTok,2026-03-30,Variety Pack,868.0,0.0
TikTok,2026-03-31,Birria Bomb 2-Pack,16676.0,25.0
TikTok,2026-03-31,Brine Bomb,3240.0,0.0
TikTok,2026-03-31,Pozole Bomb 2-Pack,6404.0,0.0
TikTok,2026-03-31,Pozole Verde Bomb 2-Pack,3573.0,0.0
TikTok,2026-03-31,Tinga Bomb 2-Pack,2735.0,0.0
TikTok,2026-03-31,Variety Pack,909.0,0.0
TikTok,2026-04-01,Birria Bomb 2-Pack,16187.0,25.0
TikTok,2026-04-01,Brine Bomb,3239.0,0.0
TikTok,2026-04-01,Pozole Bomb 2-Pack,6355.0,0.0
TikTok,2026-04-01,Pozole Verde Bomb 2-Pack,3358.0,0.0
TikTok,2026-04-01,Tinga Bomb 2-Pack,2717.0,0.0
TikTok,2026-04-01,Variety Pack,909.0,0.0
TikTok,2026-04-02,Birria Bomb 2-Pack,15769.0,25.0
TikTok,2026-04-02,Brine Bomb,3237.0,0.0
TikTok,2026-04-02,Pozole Bomb 2-Pack,6310.0,0.0
TikTok,2026-04-02,Pozole Verde Bomb 2-Pack,3183.0,0.0
TikTok,2026-04-02,Tinga Bomb 2-Pack,2706.0,0.0
TikTok,2026-04-02,Variety Pack,904.0,0.0
TikTok,2026-04-03,Birria Bomb 2-Pack,15419.0,25.0
TikTok,2026-04-03,Brine Bomb,3235.0,0.0
TikTok,2026-04-03,Pozole Bomb 2-Pack,6267.0,0.0
TikTok,2026-04-03,Pozole Verde Bomb 2-Pack,3058.0,0.0
TikTok,2026-04-03,Tinga Bomb 2-Pack,2694.0,0.0
TikTok,2026-04-03,Variety Pack,900.0,0.0
TikTok,2026-04-04,Birria Bomb 2-Pack,14865.0,25.0
TikTok,2026-04-04,Brine Bomb,3235.0,0.0
TikTok,2026-04-04,Pozole Bomb 2-Pack,6224.0,0.0
TikTok,2026-04-04,Pozole Verde Bomb 2-Pack,2869.0,0.0
TikTok,2026-04-04,Tinga Bomb 2-Pack,2683.0,0.0
TikTok,2026-04-04,Variety Pack,898.0,0.0
TikTok,2026-04-05,Birria Bomb 2-Pack,14576.0,25.0
TikTok,2026-04-05,Brine Bomb,3233.0,0.0
TikTok,2026-04-05,Pozole Bomb 2-Pack,6195.0,0.0
TikTok,2026-04-05,Pozole Verde Bomb 2-Pack,2704.0,0.0
TikTok,2026-04-05,Tinga Bomb 2-Pack,2673.0,0.0
TikTok,2026-04-05,Variety Pack,894.0,0.0
TikTok,2026-04-06,Birria Bomb 2-Pack,14239.0,12096.0
TikTok,2026-04-06,Brine Bomb,3232.0,0.0
TikTok,2026-04-06,Pozole Bomb 2-Pack,6145.0,0.0
TikTok,2026-04-06,Pozole Verde Bomb 2-Pack,2491.0,0.0
TikTok,2026-04-06,Tinga Bomb 2-Pack,2660.0,0.0
TikTok,2026-04-06,Variety Pack,890.0,0.0
TikTok,2026-04-07,Birria Bomb 2-Pack,23855.0,12096.0
TikTok,2026-04-07,Brine Bomb,3230.0,0.0
TikTok,2026-04-07,Pozole Bomb 2-Pack,6097.0,0.0
TikTok,2026-04-07,Pozole Verde Bomb 2-Pack,2328.0,0.0
TikTok,2026-04-07,Tinga Bomb 2-Pack,2650.0,0.0
TikTok,2026-04-07,Variety Pack,885.0,0.0
TikTok,2026-04-08,Birria Bomb 2-Pack,23433.0,10080.0
TikTok,2026-04-08,Brine Bomb,3225.0,0.0
TikTok,2026-04-08,Pozole Bomb 2-Pack,6059.0,0.0
TikTok,2026-04-08,Pozole Verde Bomb 2-Pack,2186.0,0.0
TikTok,2026-04-08,Tinga Bomb 2-Pack,2631.0,0.0
TikTok,2026-04-08,Variety Pack,882.0,0.0
TikTok,2026-04-09,Birria Bomb 2-Pack,15001.0,10080.0
TikTok,2026-04-09,Brine Bomb,3224.0,0.0
TikTok,2026-04-09,Pozole Bomb 2-Pack,6013.0,0.0
TikTok,2026-04-09,Pozole Verde Bomb 2-Pack,1998.0,0.0
TikTok,2026-04-09,Tinga Bomb 2-Pack,2624.0,0.0
TikTok,2026-04-09,Variety Pack,880.0,0.0
TikTok,2026-04-10,Birria Bomb 2-Pack,14538.0,10080.0
TikTok,2026-04-10,Brine Bomb,3224.0,0.0
TikTok,2026-04-10,Pozole Bomb 2-Pack,5989.0,0.0
TikTok,2026-04-10,Pozole Verde Bomb 2-Pack,1882.0,0.0
TikTok,2026-04-10,Tinga Bomb 2-Pack,2618.0,0.0
TikTok,2026-04-10,Variety Pack,874.0,0.0
TikTok,2026-04-11,Birria Bomb 2-Pack,14131.0,10080.0
TikTok,2026-04-11,Brine Bomb,3222.0,0.0
TikTok,2026-04-11,Pozole Bomb 2-Pack,5944.0,0.0
TikTok,2026-04-11,Pozole Verde Bomb 2-Pack,1697.0,0.0
TikTok,2026-04-11,Tinga Bomb 2-Pack,2606.0,0.0
TikTok,2026-04-11,Variety Pack,868.0,0.0
TikTok,2026-04-12,Birria Bomb 2-Pack,13705.0,10080.0
TikTok,2026-04-12,Brine Bomb,3222.0,0.0
TikTok,2026-04-12,Pozole Bomb 2-Pack,5901.0,0.0
TikTok,2026-04-12,Pozole Verde Bomb 2-Pack,1529.0,0.0
TikTok,2026-04-12,Tinga Bomb 2-Pack,2601.0,0.0
TikTok,2026-04-12,Variety Pack,867.0,0.0
TikTok,2026-04-13,Birria Bomb 2-Pack,15220.0,10080.0
TikTok,2026-04-13,Brine Bomb,3220.0,0.0
TikTok,2026-04-13,Pozole Bomb 2-Pack,5860.0,0.0
TikTok,2026-04-13,Pozole Verde Bomb 2-Pack,1350.0,0.0
TikTok,2026-04-13,Tinga Bomb 2-Pack,2588.0,0.0
TikTok,2026-04-13,Variety Pack,865.0,0.0
TikTok,2026-04-14,Birria Bomb 2-Pack,18822.0,0.0
TikTok,2026-04-14,Brine Bomb,3219.0,0.0
TikTok,2026-04-14,Pozole Bomb 2-Pack,5820.0,0.0
TikTok,2026-04-14,Pozole Verde Bomb 2-Pack,1214.0,0.0
TikTok,2026-04-14,Tinga Bomb 2-Pack,2572.0,0.0
TikTok,2026-04-14,Variety Pack,824.0,0.0
TikTok,2026-04-15,Birria Bomb 2-Pack,22418.0,0.0
TikTok,2026-04-15,Brine Bomb,3216.0,0.0
TikTok,2026-04-15,Pozole Bomb 2-Pack,5770.0,0.0
TikTok,2026-04-15,Pozole Verde Bomb 2-Pack,1097.0,0.0
TikTok,2026-04-15,Tinga Bomb 2-Pack,2529.0,0.0
TikTok,2026-04-15,Variety Pack,823.0,0.0
