SKU ID,Product Name,Product 1,Product 2,Product 3,Product 4
1729443667774378778,Birria Bombs Pack by EZ Bombs,Birria Bombs 2P,,,
1729443667774444314,Birria Bombs Pack by EZ Bombs,Birria Bombs 2P,,,
1729443667774509850,Birria Bombs Pack by EZ Bombs,Birria Bombs 2P,,,
1729444046947390234,EZ BOMBS BirriaBombs 2 Bombs Per Pack - Seasoning Spice Bomb Flavor for Authentic Mexican Dishes - Traditional,Birria Bombs 2P,,,
1729462219517629210,Birria Bombs 2 Pack by EZ Bombs Seasoning Spice Bomb,Birria Bombs 2P,,,
1729597409638126362,EZ Bombs Pozole Bombs 2 Pack - Seasoning Spice Bomb Flavor,Pozole Bombs 2P,,,
1729615891226989338,EZ BOMBS PozoleBombs - 2 Bombs Per Pack Authentic Mexican Pozole Soup Seasoning Spice Bomb Flavor for Home Cooking Pork Chicken & Vegetarian Traditional Flavor for Instant Pot Slow Cooker or Stove Top 2 Bomb Pack - Salt,Pozole Bombs 2P,,,
1729722347244655386,Birria and Pozole Bombs bundle by EZ Bombs - Seasoning Spice Bomb Flavor for Authentic Mexican Dishes - Traditional,Birria Bombs 2P,Pozole Bombs 2P,,
1729722550385873690,BirriaBombs bundle by EZ Bombs - Seasoning Spice Bomb Flavor for Authentic Mexican Dishes - Traditional,Birria Bombs 2P,Birria Bombs 2P,,
1729722556335690522,PozoleBombs bundle by EZ Bombs - Seasoning Spice Bomb Flavor for Authentic Mexican Dishes - Traditional,Pozole Bombs 2P,Pozole Bombs 2P,,
1729738653671658266,BrineBomb by EZ Bombs - The Ultimate Garlic and Rosemary Flavored Spice Bomb,Brine Bombs,,,
1729738936829514522,"BirriaBomb, PozoleBomb, TingaBomb Variety Pack - Seasoning Spice Flavor for Authentic Mexican Dishes",Variety Pack,,,
1729801733330015002,EZ Bombs Collectors Box,Ignore,,,
1731018016373379866,"EZ Bombs TingaBomb Seasoning, 2 Bombs Per Pack - Authentic Mexican Seasoning for Smoky Chipotle Tinga Sauce, Tacos, Tostadas, Tortas and More - Bold, Spicy & Tangy Flavor Quick and Flavorful Meals",Tinga Bombs 2P,,,
1731079049062617882,"EZ Bombs TingaBombs Bundle, 2 Bombs Per Pack - Authentic Mexican Seasoning for Smoky Chipotle Tinga Sauce, Tacos, Tostadas, Tortas and More - Bold, Spicy & Tangy Flavor Quick and Flavorful Meals",Tinga Bombs 2P,Tinga Bombs 2P,,
1731079309397758746,Birria and Tinga Bombs bundle by EZ Bombs - Seasoning Spice Bomb Flavor for Authentic Mexican Dishes - Traditional,Birria Bombs 2P,Tinga Bombs 2P,,
1731079337000407834,TingaBombs and PozoleBombs bundle by EZ Bombs - Seasoning Spice Bomb Flavor for Authentic Mexican Dishes - Traditional,Tinga Bombs 2P,Pozole Bombs 2P,,
1732261259721675546,EZ BOMBS Pozole Verde Bombs 2 Bombs Per Pack - Authentic Mexican Seasoning Spice Bomb for Traditional Green Pozole,Pozole Verde Bombs 2P,,,
1732293056643896090,Pozole Verde and Pozole Bombs bundle by EZ Bombs - Seasoning Spice Bomb Flavor for Authentic Mexican Dishes - Traditional,Pozole Verde Bombs 2P,Pozole Bombs 2P,,
1732293088567989018,Pozole Verde and Birria Bombs bundle by EZ Bombs - Seasoning Spice Bomb Flavor for Authentic Mexican Dishes - Traditional,Pozole Verde Bombs 2P,Birria Bombs 2P,,
1732293088596366106,Pozole Verde and Tinga Bombs bundle by EZ Bombs - Seasoning Spice Bomb Flavor for Authentic Mexican Dishes - Traditional,Pozole Verde Bombs 2P,Tinga Bombs 2P,,
1732293089245827866,Pozole Verde Bombs bundle by EZ Bombs - Seasoning Spice Bomb Flavor for Authentic Mexican Dishes - Traditional,Pozole Verde Bombs 2P,Pozole Verde Bombs 2P,,
1732308944295269146,"BirriaBomb, PozoleBomb, Pozole Verde Bomb, TingaBomb Variety Pack - Seasoning Spice Flavor for Authentic Mexican Dishes",Birria Bombs 2P,Pozole Bombs 2P,Pozole Verde Bombs 2P,Tinga Bombs 2P
